Solana,RWA,Meme,Payments,AI,Layer1_Layer2,Metaverse,Monitoring,liquid_staking,Gaming,Seed,fan_token,NFT,defi,zone,Polkadot,Megadrop,pow,Launchpool,bnbchain,Launchpad,Infrastructure
RNDR,AVAX,DOGE,BTC,GRT,ETH,FLOKI,JASMY,WBETH,IMX,PEPE,CHZ,IMX,UNI,STX,DOT,,BTC,SUI,BNB,MATIC,LINK
WIF,ICP,SHIB,XRP,TAO,BNB,AXS,FTT,LDO,FLOKI,WIF,PSG,GALA,MKR,FIL,ASTR,,DOGE,SEI,INJ,INJ,RNDR
BONK,MKR,PEPE,BCH,THETA,SOL,SAND,ELF,JTO,GALA,TAO,BAR,AXS,INJ,AR,GLMR,,BCH,BEAMX,GALA,FET,GRT
JUP,SNX,WIF,LTC,FET,XRP,MANA,ZEC,ANKR,BEAMX,TIA,SANTOS,CHZ,RUNE,BTTC,KSM,,LTC,ENA,CAKE,BTTC,THETA
W,PENDLE,FLOKI,ACH,AGIX,ADA,ILV,XEM,RPL,AXS,BONK,LAZIO,SAND,JUP,HOT,PHA,,STX,NOT,TWT,EGLD,TIA
BOME,OM,BONK,COTI,WLD,AVAX,VANRY,WAVES,FXS,SAND,FLOKI,ALPINE,MANA,LDO,SC,ACA,,ETC,PENDLE,ID,AXS,FET
PYTH,RSR,ORDI,XNO,OCEAN,TRX,HIGH,CREAM,QI,RONIN,SEI,CITY,APE,AAVE,STORJ,ATA,,CFX,KLAY,SFP,SAND,W
JTO,POLYX,BOME,PUNDIX,RLC,DOT,MAGIC,ARK,FIS,MANA,PENDLE,OG,BLUR,ENA,RIF,REEF,,CKB,MEME,ONT,KAVA,QNT
RAY,CHR,1000SATS,UTK,IQ,NEAR,SLP,ZEN,CHESS,ENJ,JUP,PORTO,SUPER,SNX,BLZ,LIT,,IOTA,MANTA,BNX,ARKM,WLD
GMT,DUSK,MEME,,NMR,MATIC,PYR,LOOM,,BNX,ENA,JUV,ENJ,DEXE,,AKRO,,ANKR,GAL,C98,GMT,JASMY
TNSR,TRU,PEOPLE,,POND,ICP,MBOX,OMG,,ILV,W,ACM,GMT,KAVA,,,,RVN,ETHFI,XVS,ID,PYTH
FIDA,HIFI,,,AI,ETC,GHST,WNXM,,PIXEL,RONIN,ATM,BNX,CAKE,,,,ZIL,ALT,HOOK,SFP,AXL
,LTO,,,PHB,HBAR,ALICE,WRX,,YGG,PYTH,ASR,CHR,PENDLE,,,,SC,PIXEL,DODO,ONE,ASTR
,,,,NFP,APT,DAR,MDX,,WAXP,ORDI,,VANRY,KLAY,,,,ZEC,HIGH,MBOX,BAND,IOTX
,,,,CTXC,IMX,TLM,REN,,XAI,STRK,,HIGH,LUNC,,,,DCR,SAGA,CTK,CELR,OCEAN
,,,,MDT,ATOM,COMBO,MLN,,MAGIC,AXL,,WAXP,JTO,,,,DASH,XAI,DAR,C98,GLM
,,,,,XLM,BURGER,BETA,,AI,1000SATS,,AUDIO,OSMO,,,,ONT,CYBER,POLS,CTSI,DYM
,,,,,STX,,LINA,,PORTAL,BOME,,MAGIC,WOO,,,,FLUX,XVS,BAKE,EDU,ENS
,,,,,OP,,REEF,,SLP,BLUR,,PROM,CRV,,,,KDA,AI,TLM,HOOK,TWT
,,,,,ARB,,UNFI,,PYR,OM,,SLP,DYDX,,,,DGB,OMNI,MDX,ALPHA,SSV
,,,,,VET,,KP3R,,ACE,DYM,,PYR,SUPER,,,,RIF,PORTAL,BEL,WRX,ARKM
,,,,,TAO,,AKRO,,MBOX,DEXE,,NFP,COMP,,,,SYS,REZ,COMBO,TKO,LPT
,,,,,SUI,,AMB,,GHST,SUPER,,TNSR,1INCH,,,,TRB,HFT,LINA,BETA,GAL
,,,,,FTM,,BOND,,DAR,MANTA,,MBOX,ANKR,,,,ZEN,NFP,DEGO,DEGO,SFP
,,,,,INJ,,FIRO,,AGLD,GAL,,ERN,RAY,,,,XVG,DODO,PSG,LOKA,ID
,,,,,THETA,,OAX,,ALICE,ARKM,,GHST,CELO,,,,NKN,ACE,BSW,VOXEL,ALT
,,,,,SEI,,GFT,,TLM,RPL,,RARE,LUNA,,,,QKC,MBOX,BIFI,LAZIO,BAT
,,,,,ALGO,,VGX,,COMBO,ALT,,AGLD,ZRX,,,,CTXC,ALPHA,UNFI,ALPINE,T
,,,,,FLOW,,FOR,,PDA,ETHFI,,DAR,RPL,,,,KMD,MAV,ALPACA,TROY,BICO
,,,,,NEO,,EPX,,LOKA,ID,,ALICE,ETHFI,,,,,AEVO,BURGER,PORTO,MASK
,,,,,EGLD,,OOKI,,PDA,ETHFI,,BAKE,ETHFI,,,,,MAV,OG,GFT,MASK
,,,,,CHZ,,,,VOXEL,DYM,,OGN,LRC,,,,,RDNT,JUV,,FLUX
,,,,,XTZ,,,,BURGER,MANTA,,COMBO,FXS,,,,,QI,FOR,,TRB
,,,,,CFX,,,,,METIS,,DEGO,JST,,,,,DAR,ATM,,RLC
,,,,,EOS,,,,,ALT,,FIO,TRB,,,,,ALICE,EPX,,API3
,,,,,RONIN,,,,,PIXEL,,,AMP,,,,,ATA,ASR,,BAND
,,,,,MINA,,,,,VANRY,,,UMA,,,,,TLM,,,POND
,,,,,GNO,,,,,PEOPLE,,,GMX,,,,,BEL,,,CYBER
,,,,,STRK,,,,,CVX,,,SUSHI,,,,,FLM,,,CVC
,,,,,KAVA,,,,,SAGA,,,YFI,,,,,REEF,,,PHA
,,,,,CKB,,,,,POND,,,CVX,,,,,LIT,,,DUSK
,,,,,IOTA,,,,,NTRN,,,WAXP,,,,,UNFI,,,DENT
,,,,,AXL,,,,,PROM,,,BAND,,,,,SANTOS,,,MTL
,,,,,KLAY,,,,,MAGIC,,,BAL,,,,,PSG,,,HOOK
,,,,,LUNC,,,,,XAI,,,C98,,,,,HARD,,,WIN
,,,,,ROSE,,,,,CYBER,,,NMR,,,,,WING,,,OXT
,,,,,OM,,,,,SLP,,,JOE,,,,,CITY,,,CTK
,,,,,OSMO,,,,,PHA,,,CREAM,,,,,OG,,,ARPA
,,,,,ASTR,,,,,OMNI,,,RIF,,,,,JUV,,,RAD
,,,,,IOTX,,,,,SYN,,,USTC,,,,,ATM,,,NKN
,,,,,CELO,,,,,PORTAL,,,XVS,,,,,ASR,,,ATA
,,,,,LUNA,,,,,AI,,,SYN,,,,,,,,GTC
,,,,,ZIL,,,,,TRU,,,TRU,,,,,,,,DATA
,,,,,ELF,,,,,BB,,,SUN,,,,,,,,CLV
,,,,,SKL,,,,,SUN,,,REZ,,,,,,,,DIA
,,,,,QTUM,,,,,REZ,,,HFT,,,,,,,,LIT
,,,,,HOT,,,,,HOOK,,,LEVER,,,,,,,,MDT
,,,,,DYM,,,,,HFT,,,FRONT,,,,,,,,KEY
,,,,,MANTA,,,,,LEVER,,,GNS,,,,,,,,KP3R
,,,,,POLYX,,,,,FRONT,,,KNC,,,,,,,,ADX
,,,,,XEM,,,,,NFP,,,DODO,,,,,,,,FIO
,,,,,METIS,,,,,GNS,,,MBOX,,,,,,,,DOCK
,,,,,DCR,,,,,DODO,,,ACA,,,,,,,,
,,,,,FLUX,,,,,TNSR,,,BNT,,,,,,,,
,,,,,WAVES,,,,,ACE,,,HIFI,,,,,,,,
,,,,,ONT,,,,,ALPHA,,,ALPHA,,,,,,,,
,,,,,ONE,,,,,LQTY,,,LQTY,,,,,,,,
,,,,,CHR,,,,,STG,,,STG,,,,,,,,
,,,,,KSM,,,,,AUCTION,,,AUCTION,,,,,,,,
,,,,,VANRY,,,,,AEVO,,,AEVO,,,,,,,,
,,,,,LSK,,,,,ERN,,,MAV,,,,,,,,
,,,,,GLMR,,,,,GHST,,,GHST,,,,,,,,
,,,,,ICX,,,,,RDNT,,,SPELL,,,,,,,,
,,,,,KDA,,,,,BADGER,,,WNXM,,,,,,,,
,,,,,WAXP,,,,,AGLD,,,RDNT,,,,,,,,
,,,,,CELR,,,,,ALICE,,,QI,,,,,,,,
,,,,,SXP,,,,,ATA,,,BADGER,,,,,,,,
,,,,,SAGA,,,,,BAKE,,,BAKE,,,,,,,,
,,,,,IOST,,,,,POLS,,,POLS,,,,,,,,
,,,,,NTRN,,,,,PERP,,,PERP,,,,,,,,
,,,,,HIVE,,,,,BEL,,,MDX,,,,,,,,
,,,,,CTSI,,,,,FIS,,,REN,,,,,,,,
,,,,,RIF,,,,,FLM,,,FORTH,,,,,,,,
,,,,,STRAX,,,,,DEGO,,,BEL,,,,,,,,
,,,,,ARK,,,,,LIT,,,MLN,,,,,,,,
,,,,,OMNI,,,,,BSW,,,ALCX,,,,,,,,
,,,,,SYS,,,,,UFT,,,FARM,,,,,,,,
,,,,,BB,,,,,PSG,,,BETA,,,,,,,,
,,,,,MOVR,,,,,CHESS,,,DIA,,,,,,,,
,,,,,PHB,,,,,BIFI,,,FIS,,,,,,,,
,,,,,LOOM,,,,,BAR,,,FLM,,,,,,,,
,,,,,ARDR,,,,,VIDT,,,DEGO,,,,,,,,
,,,,,ACA,,,,,HARD,,,LINA,,,,,,,,
,,,,,SCRT,,,,,WING,,,ORN,,,,,,,,
,,,,,OMG,,,,,BURGER,,,IDEX,,,,,,,,
,,,,,AEVO,,,,,OG,,,REEF,,,,,,,,
,,,,,ERN,,,,,DF,,,LIT,,,,,,,,
,,,,,ARPA,,,,,JUV,,,BSW,,,,,,,,
,,,,,LTO,,,,,ATM,,,QUICK,,,,,,,,
,,,,,QKC,,,,,PROS,,,UNFI,,,,,,,,
,,,,,CTXC,,,,,CVP,,,FIDA,,,,,,,,
,,,,,REI,,,,,ASR,,,UFT,,,,,,,,
,,,,,NULS,,,,,,,,KP3R,,,,,,,,
,,,,,WAN,,,,,,,,AKRO,,,,,,,,
,,,,,COMBO,,,,,,,,CHESS,,,,,,,,
,,,,,REEF,,,,,,,,BIFI,,,,,,,,
,,,,,VIC,,,,,,,,AST,,,,,,,,
,,,,,AMB,,,,,,,,HARD,,,,,,,,
,,,,,VIDT,,,,,,,,WING,,,,,,,,
,,,,,VITE,,,,,,,,ALPACA,,,,,,,,
,,,,,,,,,,,,,BOND,,,,,,,,
,,,,,,,,,,,,,DF,,,,,,,,
,,,,,,,,,,,,,FOR,,,,,,,,
,,,,,,,,,,,,,EPX,,,,,,,,
,,,,,,,,,,,,,PROS,,,,,,,,
,,,,,,,,,,,,,CVP,,,,,,,,
,,,,,,,,,,,,,OOKI,,,,,,,,
